<?xml version="1.0" encoding="UTF-8"?>
<MF0 version="1.1" packageUris="http://schema.mathworks.com/mf0/ci/19700101 http://schema.mathworks.com/mf0/sl_modelref_info/R2022a http://schema.mathworks.com/mf0/slexec_mm_sto/R2022a_202107291127">
  <ModelRefInfoRepo.ModelRefInfoRoot type="ModelRefInfoRepo.ModelRefInfoRoot" uuid="6d9e2be9-a7dd-4431-8bf5-336e1ce16a38">
    <childModelRefInfo type="ModelRefInfoRepo.ChildModelRefInfo" uuid="46b18848-8f4d-41d2-837a-84b53d6a1a38">
      <modelName>Jacobian</modelName>
      <modelPath>Jacobian</modelPath>
    </childModelRefInfo>
    <dataTransferInfos>AAFJTQAAAAAOAAAAOAAAAAYAAAAIAAAAAgAAAAAAAAAFAAAACAAAAAAAAAABAAAAAQAAAAAAAAAFAAQAAQAAAAEAAAAAAAAA</dataTransferInfos>
    <defaultsCMapping>{&quot;Inports&quot;:&quot;{\&quot;Name\&quot;:\&quot;Default\&quot;,\&quot;Checksum\&quot;:\&quot;Default\&quot;,\&quot;PerInstancePropertiesChecksum\&quot;:\&quot;\&quot;,\&quot;MemorySectionName\&quot;:\&quot;\&quot;,\&quot;MemorySectionChecksum\&quot;:\&quot;\&quot;}&quot;,&quot;Outports&quot;:&quot;{\&quot;Name\&quot;:\&quot;Default\&quot;,\&quot;Checksum\&quot;:\&quot;Default\&quot;,\&quot;PerInstancePropertiesChecksum\&quot;:\&quot;\&quot;,\&quot;MemorySectionName\&quot;:\&quot;\&quot;,\&quot;MemorySectionChecksum\&quot;:\&quot;\&quot;}&quot;,&quot;ParameterArguments&quot;:&quot;{\&quot;Name\&quot;:\&quot;Default\&quot;,\&quot;Checksum\&quot;:\&quot;Default\&quot;,\&quot;PerInstancePropertiesChecksum\&quot;:\&quot;\&quot;,\&quot;MemorySectionName\&quot;:\&quot;None\&quot;,\&quot;MemorySectionChecksum\&quot;:\&quot;None\&quot;}&quot;,&quot;LocalParameters&quot;:&quot;{\&quot;Name\&quot;:\&quot;Default\&quot;,\&quot;Checksum\&quot;:\&quot;Default\&quot;,\&quot;PerInstancePropertiesChecksum\&quot;:\&quot;\&quot;,\&quot;MemorySectionName\&quot;:\&quot;\&quot;,\&quot;MemorySectionChecksum\&quot;:\&quot;\&quot;}&quot;,&quot;GlobalParameters&quot;:&quot;{\&quot;Name\&quot;:\&quot;Default\&quot;,\&quot;Checksum\&quot;:\&quot;Default\&quot;,\&quot;PerInstancePropertiesChecksum\&quot;:\&quot;\&quot;,\&quot;MemorySectionName\&quot;:\&quot;\&quot;,\&quot;MemorySectionChecksum\&quot;:\&quot;\&quot;}&quot;,&quot;InternalData&quot;:&quot;{\&quot;Name\&quot;:\&quot;Default\&quot;,\&quot;Checksum\&quot;:\&quot;Default\&quot;,\&quot;PerInstancePropertiesChecksum\&quot;:\&quot;\&quot;,\&quot;MemorySectionName\&quot;:\&quot;\&quot;,\&quot;MemorySectionChecksum\&quot;:\&quot;\&quot;}&quot;,&quot;SharedLocalDataStores&quot;:&quot;{\&quot;Name\&quot;:\&quot;Default\&quot;,\&quot;Checksum\&quot;:\&quot;Default\&quot;,\&quot;PerInstancePropertiesChecksum\&quot;:\&quot;\&quot;,\&quot;MemorySectionName\&quot;:\&quot;None\&quot;,\&quot;MemorySectionChecksum\&quot;:\&quot;None\&quot;}&quot;,&quot;GlobalDataStores&quot;:&quot;{\&quot;Name\&quot;:\&quot;Default\&quot;,\&quot;Checksum\&quot;:\&quot;Default\&quot;,\&quot;PerInstancePropertiesChecksum\&quot;:\&quot;\&quot;,\&quot;MemorySectionName\&quot;:\&quot;None\&quot;,\&quot;MemorySectionChecksum\&quot;:\&quot;None\&quot;}&quot;,&quot;Constants&quot;:&quot;{\&quot;Name\&quot;:\&quot;Default\&quot;,\&quot;Checksum\&quot;:\&quot;Default\&quot;,\&quot;PerInstancePropertiesChecksum\&quot;:\&quot;\&quot;,\&quot;MemorySectionName\&quot;:\&quot;\&quot;,\&quot;MemorySectionChecksum\&quot;:\&quot;\&quot;}&quot;,&quot;DataTransfers&quot;:&quot;{\&quot;Name\&quot;:\&quot;Default\&quot;,\&quot;Checksum\&quot;:\&quot;Default\&quot;,\&quot;PerInstancePropertiesChecksum\&quot;:\&quot;\&quot;,\&quot;MemorySectionName\&quot;:\&quot;None\&quot;,\&quot;MemorySectionChecksum\&quot;:\&quot;None\&quot;}&quot;,&quot;ModelData&quot;:&quot;{\&quot;Name\&quot;:\&quot;Default\&quot;,\&quot;Checksum\&quot;:\&quot;Default\&quot;,\&quot;PerInstancePropertiesChecksum\&quot;:\&quot;\&quot;,\&quot;MemorySectionName\&quot;:\&quot;None\&quot;,\&quot;MemorySectionChecksum\&quot;:\&quot;None\&quot;}&quot;,&quot;InitializeTerminate&quot;:&quot;{\&quot;Name\&quot;:\&quot;Default\&quot;,\&quot;Checksum\&quot;:\&quot;Default\&quot;,\&quot;PerInstancePropertiesChecksum\&quot;:\&quot;\&quot;,\&quot;MemorySectionName\&quot;:\&quot;\&quot;,\&quot;MemorySectionChecksum\&quot;:\&quot;\&quot;}&quot;,&quot;Execution&quot;:&quot;{\&quot;Name\&quot;:\&quot;Default\&quot;,\&quot;Checksum\&quot;:\&quot;Default\&quot;,\&quot;PerInstancePropertiesChecksum\&quot;:\&quot;\&quot;,\&quot;MemorySectionName\&quot;:\&quot;\&quot;,\&quot;MemorySectionChecksum\&quot;:\&quot;\&quot;}&quot;,&quot;SharedUtility&quot;:&quot;{\&quot;Name\&quot;:\&quot;Default\&quot;,\&quot;Checksum\&quot;:\&quot;Default\&quot;,\&quot;PerInstancePropertiesChecksum\&quot;:\&quot;\&quot;,\&quot;MemorySectionName\&quot;:\&quot;\&quot;,\&quot;MemorySectionChecksum\&quot;:\&quot;\&quot;}&quot;}</defaultsCMapping>
    <globalVariables>Tree</globalVariables>
    <globalVariables>ikblock_info_bus</globalVariables>
    <hasBwsAccessed>true</hasBwsAccessed>
    <hasBwsAccessedByAnyModel>true</hasBwsAccessedByAnyModel>
    <hasContinuousSampleTime>true</hasContinuousSampleTime>
    <hasNonVirtualParameterChangeEvents>true</hasNonVirtualParameterChangeEvents>
    <loggingSaveFormat>2</loggingSaveFormat>
    <massMatrixNzMax>8</massMatrixNzMax>
    <maxFreqHz>-1.0</maxFreqHz>
    <needAbsoluteTimeForNonLoggingPurpose>true</needAbsoluteTimeForNonLoggingPurpose>
    <numCStateRecs>8</numCStateRecs>
    <numContinuousStates>8</numContinuousStates>
    <numDStateRecs>9</numDStateRecs>
    <numDataInputPorts>0</numDataInputPorts>
    <numLoggableCStateRecs>8</numLoggableCStateRecs>
    <numLoggableDStateRecs>9</numLoggableDStateRecs>
    <numLoggableJacobianDStates>10</numLoggableJacobianDStates>
    <runtimeNonFcnCallRateInfos type="ModelRefInfoRepo.RateInfo">
      <compiled>true</compiled>
      <needAbsoluteTime>true</needAbsoluteTime>
      <period>0.0</period>
      <priority>40</priority>
      <rateIdx>0</rateIdx>
    </runtimeNonFcnCallRateInfos>
    <sampleTimeInheritanceRule>2</sampleTimeInheritanceRule>
    <solverStatusFlags>32781</solverStatusFlags>
    <timingAndTaskingRegistry>&lt;?xml version=&quot;1.0&quot;?&gt;
&lt;slexec_sto version=&quot;1.1&quot; packageUris=&quot;http://schema.mathworks.com/mf0/slexec_mm_sto/R2022a_202107291127&quot;&gt;
  &lt;sto.Registry type=&quot;sto.Registry&quot; uuid=&quot;dcff370e-7c65-469d-838c-eef02ce10b09&quot;&gt;
    &lt;clocks type=&quot;sto.Timer&quot; uuid=&quot;3da957e6-dd6c-43a4-b3ce-b1093fee64e1&quot;&gt;
      &lt;rates type=&quot;sto.ContinuousRate&quot; uuid=&quot;14b671c2-82e5-4014-a9e8-75d9ef4cf5d6&quot;&gt;
        &lt;annotation&gt;Cont&lt;/annotation&gt;
        &lt;description&gt;Continuous&lt;/description&gt;
        &lt;taskId&gt;_task0&lt;/taskId&gt;
        &lt;rateSpec type=&quot;sto.RateSpec&quot; uuid=&quot;4a7b0d45-e752-413e-94a3-e0eeee4b2211&quot;/&gt;
      &lt;/rates&gt;
      &lt;baseRate type=&quot;sto.ContinuousRate&quot; uuid=&quot;a565acac-005b-4759-ad3b-567031426f75&quot;&gt;
        &lt;annotation&gt;Cont&lt;/annotation&gt;
        &lt;description&gt;Continuous&lt;/description&gt;
        &lt;taskId&gt;_task0&lt;/taskId&gt;
        &lt;rateSpec type=&quot;sto.RateSpec&quot; uuid=&quot;b15643ef-e0ed-4cf7-8482-260986fdbaaa&quot;/&gt;
      &lt;/baseRate&gt;
    &lt;/clocks&gt;
    &lt;clocks type=&quot;sto.Event&quot; uuid=&quot;40d747c6-59c7-4b0d-bd3f-258442889220&quot;&gt;
      &lt;eventType&gt;PARAMETER_CHANGE_EVENT&lt;/eventType&gt;
      &lt;cNum&gt;1&lt;/cNum&gt;
      &lt;clockType&gt;Event&lt;/clockType&gt;
      &lt;identifier&gt;ParameterChangeEvent&lt;/identifier&gt;
      &lt;rates type=&quot;sto.ModelWideEventRate&quot; uuid=&quot;51106a4d-5d60-4ab3-9cb3-a8fcad6096e8&quot;&gt;
        &lt;annotation&gt;Inf&lt;/annotation&gt;
        &lt;clockId&gt;ParameterChangeEvent&lt;/clockId&gt;
        &lt;colorIndex&gt;6&lt;/colorIndex&gt;
        &lt;description&gt;Constant&lt;/description&gt;
        &lt;rateIdx&gt;1&lt;/rateIdx&gt;
        &lt;taskId&gt;ModelWideParameterChangeEvent&lt;/taskId&gt;
        &lt;rateSpec type=&quot;sto.RateSpec&quot; uuid=&quot;e512735b-8c0f-4dd5-a124-cb4ef44cc2ae&quot;&gt;
          &lt;period&gt;Inf&lt;/period&gt;
          &lt;rateType&gt;ModelWideParameterChangeEvent&lt;/rateType&gt;
        &lt;/rateSpec&gt;
      &lt;/rates&gt;
      &lt;taskingMode&gt;ExplicitTasking&lt;/taskingMode&gt;
      &lt;timeAdvanceMode&gt;None&lt;/timeAdvanceMode&gt;
    &lt;/clocks&gt;
    &lt;executionSpec&gt;Undetermined&lt;/executionSpec&gt;
    &lt;taskPriorityDirection&gt;HighNumberLast&lt;/taskPriorityDirection&gt;
    &lt;taskRegistry type=&quot;sto.TaskRegistry&quot; uuid=&quot;a7b9062c-fdd8-4131-96a1-59e67cd7d9b7&quot;&gt;
      &lt;hasUnknownEdges&gt;true&lt;/hasUnknownEdges&gt;
      &lt;rootTaskHierarchyElements type=&quot;sto.Task&quot; uuid=&quot;1c9c0954-5673-427b-9187-70c13dfe9acd&quot;&gt;
        &lt;isExecutable&gt;true&lt;/isExecutable&gt;
        &lt;isExplicit&gt;true&lt;/isExplicit&gt;
        &lt;rates type=&quot;sto.ModelWideEventRate&quot; uuid=&quot;29067386-7712-4b6e-b1c3-a6b5e113eab4&quot;&gt;
          &lt;annotation&gt;Inf&lt;/annotation&gt;
          &lt;clockId&gt;ParameterChangeEvent&lt;/clockId&gt;
          &lt;colorIndex&gt;6&lt;/colorIndex&gt;
          &lt;description&gt;Constant&lt;/description&gt;
          &lt;rateIdx&gt;1&lt;/rateIdx&gt;
          &lt;taskId&gt;ModelWideParameterChangeEvent&lt;/taskId&gt;
          &lt;rateSpec type=&quot;sto.RateSpec&quot; uuid=&quot;0520696c-4218-4c4a-a03a-4784868e915c&quot;&gt;
            &lt;period&gt;Inf&lt;/period&gt;
            &lt;rateType&gt;ModelWideParameterChangeEvent&lt;/rateType&gt;
          &lt;/rateSpec&gt;
        &lt;/rates&gt;
        &lt;tNum&gt;1&lt;/tNum&gt;
        &lt;elementType&gt;Task&lt;/elementType&gt;
        &lt;identifier&gt;ModelWideParameterChangeEvent&lt;/identifier&gt;
        &lt;priority&gt;-1&lt;/priority&gt;
        &lt;schedulingClockId&gt;ParameterChangeEvent&lt;/schedulingClockId&gt;
      &lt;/rootTaskHierarchyElements&gt;
      &lt;rootTaskHierarchyElements type=&quot;sto.Task&quot; uuid=&quot;92fcaab8-8405-4855-a98d-5505ac21c471&quot;&gt;
        &lt;isExecutable&gt;true&lt;/isExecutable&gt;
        &lt;orderIndex&gt;1&lt;/orderIndex&gt;
        &lt;rates type=&quot;sto.ContinuousRate&quot; uuid=&quot;2486c228-137d-4377-a0f0-88bceaf234d1&quot;&gt;
          &lt;annotation&gt;Cont&lt;/annotation&gt;
          &lt;description&gt;Continuous&lt;/description&gt;
          &lt;taskId&gt;_task0&lt;/taskId&gt;
          &lt;rateSpec type=&quot;sto.RateSpec&quot; uuid=&quot;bca3e02e-53c1-40bb-a612-851ebc3bc0fa&quot;/&gt;
        &lt;/rates&gt;
        &lt;elementType&gt;Task&lt;/elementType&gt;
        &lt;identifier&gt;_task0&lt;/identifier&gt;
        &lt;priority&gt;40&lt;/priority&gt;
      &lt;/rootTaskHierarchyElements&gt;
      &lt;taskDependencyGraph type=&quot;sto.SerializedTaskConnectionList&quot; uuid=&quot;8742e520-88c0-4302-98fb-d9d12218e810&quot;&gt;
        &lt;taskIdentifier&gt;_task0&lt;/taskIdentifier&gt;
      &lt;/taskDependencyGraph&gt;
      &lt;taskDependencyGraph type=&quot;sto.SerializedTaskConnectionList&quot; uuid=&quot;7be06734-180c-4b63-8d0d-7e2d50b405b0&quot;&gt;
        &lt;clockIdentifier&gt;ParameterChangeEvent&lt;/clockIdentifier&gt;
        &lt;serializedConnectionProperties type=&quot;sto.SerializedConnectionProperties&quot; uuid=&quot;acf445ca-4797-4e98-a561-abfe699e0928&quot;&gt;
          &lt;targetTaskIdentifier&gt;_task0&lt;/targetTaskIdentifier&gt;
        &lt;/serializedConnectionProperties&gt;
        &lt;taskIdentifier&gt;ModelWideParameterChangeEvent&lt;/taskIdentifier&gt;
      &lt;/taskDependencyGraph&gt;
    &lt;/taskRegistry&gt;
  &lt;/sto.Registry&gt;
&lt;/slexec_sto&gt;</timingAndTaskingRegistry>
    <FMUBlockMap type="ModelRefInfoRepo.FMUBlockInfo" uuid="b742977f-5751-4d52-b030-20189edd3142"/>
    <codeGenInfo type="ModelRefInfoRepo.CodeGenInformation" uuid="78ec6a20-b0b9-43ce-bd05-dc30adab6b1f"/>
    <compiledVariantInfos type="ModelRefInfoRepo.CompiledVariantInfoMap" uuid="b1aa4445-e592-487c-94be-74ac37e136ca"/>
    <configSettingsForConsistencyChecks type="ModelRefInfoRepo.ConfigSettingsForConsistencyChecks" uuid="be694f2a-2716-4e9c-a105-b81c08d4b40e">
      <consistentOutportInitialization>true</consistentOutportInitialization>
      <frameDiagnosticSetting>2</frameDiagnosticSetting>
      <signalLoggingSaveFormat>2</signalLoggingSaveFormat>
      <simSIMDOptimization>1</simSIMDOptimization>
      <solverName>VariableStepAuto</solverName>
      <hardwareSettings type="ModelRefInfoRepo.HardwareSettings" uuid="0206eb56-2b4b-44ab-816d-13bbafb2d401">
        <prodBitPerChar>8</prodBitPerChar>
        <prodBitPerDouble>64</prodBitPerDouble>
        <prodBitPerFloat>32</prodBitPerFloat>
        <prodBitPerInt>32</prodBitPerInt>
        <prodBitPerLong>32</prodBitPerLong>
        <prodBitPerLongLong>64</prodBitPerLongLong>
        <prodBitPerPointer>64</prodBitPerPointer>
        <prodBitPerPtrDiffT>64</prodBitPerPtrDiffT>
        <prodBitPerShort>16</prodBitPerShort>
        <prodBitPerSizeT>64</prodBitPerSizeT>
        <prodEndianess>1</prodEndianess>
        <prodShiftRight>true</prodShiftRight>
        <prodWordSize>64</prodWordSize>
      </hardwareSettings>
    </configSettingsForConsistencyChecks>
    <controllableInputRatesMap type="ModelRefInfoRepo.VarTsUIDMap" uuid="7d04a50a-d19e-488b-85ee-15cf6eb575a3"/>
    <controllableOutputRatesMap type="ModelRefInfoRepo.VarTsUIDMap" uuid="1eb88a0e-0a28-4a46-8e7f-00653e54c48f"/>
    <dataPortGroup type="ModelRefInfoRepo.DataPortGroup" uuid="d9e8ce93-c504-44bb-907e-a452a3bee5fb"/>
    <expFcnUnconnectedDataPortGroup type="ModelRefInfoRepo.DataPortGroup" uuid="9395b03a-ef65-4170-940a-a99315084112"/>
    <interfaceParameterInfo type="ModelRefInfoRepo.InterfaceParameterInfo" uuid="99e9a30a-746e-41ac-964b-3c709ebc3d99"/>
    <messageInfo type="ModelRefInfoRepo.MessageInformation" uuid="15455741-e2c7-4eea-9b3b-92bcac994eb2"/>
    <methodInfo type="ModelRefInfoRepo.MethodExistenceInfo" uuid="897d8d9e-ff4c-44da-b1e1-54482e67a65d">
      <hasDerivMethod>true</hasDerivMethod>
      <hasDisableMethod>true</hasDisableMethod>
      <hasForcingFunctionMethod>true</hasForcingFunctionMethod>
      <hasSystemInitializeMethod>true</hasSystemInitializeMethod>
      <hasSystemResetMethod>true</hasSystemResetMethod>
      <hasTerminateMethod>true</hasTerminateMethod>
      <hasUpdateMethod>true</hasUpdateMethod>
    </methodInfo>
    <periodicEventPortUnsupportedBlockInfo type="ModelRefInfoRepo.PeriodicEventPortUnsupportedBlockInfo" uuid="96f945d6-890a-456a-a5c9-a667353d26a5"/>
    <portGroupsRequireSameRate type="ModelRefInfoRepo.PortGroupsRequireSameRate" uuid="13fea697-dafd-4ca4-a997-5e0e26e8426a">
      <DSMPortGroups type="ModelRefInfoRepo.NameToPortGroupIdxVectMap" uuid="07966445-f680-44ae-b909-68db7b609caa"/>
      <GlobalDSMPortGroups type="ModelRefInfoRepo.NameToPortGroupIdxVectMap" uuid="a8089c83-b3ba-41bc-80ed-8b0f1cd3b733"/>
      <mergedPortGroups type="ModelRefInfoRepo.NameToPortGroupIdxVectMap" uuid="7bf6afd4-c75b-4324-ba56-f9c807965e74"/>
    </portGroupsRequireSameRate>
    <rateBasedMdlGlobalDSMRateSpec type="ModelRefInfoRepo.GlobalDSMRateSpecMap" uuid="918ddc49-dc4b-4463-8a61-8023da7a3f67"/>
    <rateSpecOfGlobalDSMAccessedByDescExpFcnMdlMap type="ModelRefInfoRepo.GlobalDSMRateSpecMap" uuid="2741f786-92bf-4829-a155-7cd6ce738cff"/>
    <rootBlockDiagramInterface type="ci.Model" uuid="5f2cb0eb-3563-48bb-b004-3deb9d331653">
      <p_RootComponentInterface type="ci.ComponentInterface" uuid="a55e687f-a627-4307-9c15-43eaab166189">
        <p_Name>Jacobian</p_Name>
        <p_Type>ROOT</p_Type>
      </p_RootComponentInterface>
    </rootBlockDiagramInterface>
    <simulinkFunctions type="ModelRefInfoRepo.SimulinkFunctions" uuid="c262bc3b-3b41-4f17-a2af-250dda0da1d8">
      <compSimulinkFunctionCatalog></compSimulinkFunctionCatalog>
    </simulinkFunctions>
    <stateWriterToOwnerMap type="ModelRefInfoRepo.StateWriterInfo" uuid="cb7564a7-d38b-4025-80f3-d52af20795f5"/>
    <stoClientDataRegistry type="sto.ClientDataRegistry" uuid="6a2e1aa2-8e70-4bcd-ae74-73d7631b2003">
      <dataSets type="sto.ClientClockNamedDataSet" uuid="7bb2826c-1a20-418e-b4fb-fad39eb449a9">
        <tag>sltpEvents</tag>
      </dataSets>
      <dataSets type="sto.ClientTaskHierarchyElementNamedDataSet" uuid="450d0e39-39a4-4ab4-b67f-fab89f0bafb1">
        <tag>sltpTaskGroups</tag>
      </dataSets>
      <dataSets type="sto.ClientTaskHierarchyElementNamedDataSet" uuid="ddd2a29b-75d8-432f-b162-e7dc911d73ed">
        <dSet type="ModelRefInfoRepo.SltpTaskData" uuid="d51c8e1f-2cb9-40d2-8f2d-f2491214609a"/>
        <tSet type="ModelRefInfoRepo.SltpTaskData" uuid="d51c8e1f-2cb9-40d2-8f2d-f2491214609a">
          <dataName>Cont</dataName>
          <linkedSet type="sto.ClientTaskHierarchyElementNamedDataSet" uuid="ddd2a29b-75d8-432f-b162-e7dc911d73ed"/>
          <id type="sto.TaskHierarchyElementId">
            <id>_task0</id>
          </id>
        </tSet>
        <tag>sltpTasks</tag>
      </dataSets>
    </stoClientDataRegistry>
    <typeTable type="type_info.TypeTable" uuid="66e39eef-64a2-44e3-9118-599f1706bbba">
      <Types type="type_info.Type" uuid="26150c05-b800-4724-a698-7ac47be98d57">
        <Name>action</Name>
      </Types>
      <Types type="type_info.NumericType" uuid="2bff25f2-a1bb-467f-9aca-a655778576af">
        <MxClassId>3</MxClassId>
        <Size>1</Size>
        <typeEnum>NUMERIC</typeEnum>
        <Name>boolean</Name>
      </Types>
      <Types type="type_info.NumericType" uuid="6c7cc9b2-6d17-48e2-8bbe-0f4698a5a631">
        <DataTypeId>1</DataTypeId>
        <MxClassId>6</MxClassId>
        <Size>8</Size>
        <typeEnum>NUMERIC</typeEnum>
        <Name>double</Name>
      </Types>
      <Types type="type_info.Type" uuid="1bd31ff2-4af0-4bb4-8b8f-895f110a2551">
        <Name>fcn_call</Name>
      </Types>
      <Types type="type_info.NonVirtualBusType" uuid="4c316d25-5ff0-4c53-825c-0e4860e62b2a">
        <Elements type="type_info.StructElement" uuid="dee4fbd0-74ad-479c-8014-fe6a56cbe44b">
          <Dimensions>1</Dimensions>
          <Dimensions>1</Dimensions>
          <Type type="type_info.NumericType" uuid="6c7cc9b2-6d17-48e2-8bbe-0f4698a5a631"/>
          <Name>Iterations</Name>
        </Elements>
        <Elements type="type_info.StructElement" uuid="a660b9eb-1174-4131-a294-078d9a61413d">
          <Dimensions>1</Dimensions>
          <Dimensions>1</Dimensions>
          <Type type="type_info.NumericType" uuid="6c7cc9b2-6d17-48e2-8bbe-0f4698a5a631"/>
          <Name>PoseErrorNorm</Name>
        </Elements>
        <Elements type="type_info.StructElement" uuid="5ccdd8e3-dbba-402c-a7da-c2e4aaf31f63">
          <Dimensions>1</Dimensions>
          <Dimensions>1</Dimensions>
          <Type type="type_info.NumericType" uuid="5fefc42e-3fb9-4c5a-bc77-bd8368880794"/>
          <Name>ExitFlag</Name>
        </Elements>
        <Elements type="type_info.StructElement" uuid="c5bc4d32-46da-4d3f-b0f2-bf6fc4556d99">
          <Dimensions>1</Dimensions>
          <Dimensions>1</Dimensions>
          <Type type="type_info.NumericType" uuid="9105a31f-bcbc-4a46-a1ce-4aae52e73329"/>
          <Name>Status</Name>
        </Elements>
        <LeafOffsets>0</LeafOffsets>
        <LeafOffsets>8</LeafOffsets>
        <LeafOffsets>16</LeafOffsets>
        <LeafOffsets>18</LeafOffsets>
        <DataTypeId>18</DataTypeId>
        <MxClassId>2</MxClassId>
        <Size>24</Size>
        <typeEnum>STRUCT</typeEnum>
        <Name>ikblock_info_bus</Name>
      </Types>
      <Types type="type_info.NumericType" uuid="ea5bf45b-2ba8-4a30-ad7d-ae661688e951">
        <MxClassId>10</MxClassId>
        <Size>2</Size>
        <typeEnum>NUMERIC</typeEnum>
        <Name>int16</Name>
      </Types>
      <Types type="type_info.NumericType" uuid="cb9619a4-ff14-4577-ab6e-bbdd01ee73ae">
        <MxClassId>12</MxClassId>
        <Size>4</Size>
        <Name>int32</Name>
      </Types>
      <Types type="type_info.FixedPointType" uuid="21a90941-9dac-4eda-8113-48b440d18476">
        <DataTypeId>15</DataTypeId>
        <Size>8</Size>
        <typeEnum>FIXPOINT</typeEnum>
        <Name>int64</Name>
      </Types>
      <Types type="type_info.NumericType" uuid="f45f56fa-a3f6-47a4-832b-7d5d3a9f04ba">
        <MxClassId>8</MxClassId>
        <Size>1</Size>
        <typeEnum>NUMERIC</typeEnum>
        <Name>int8</Name>
      </Types>
      <Types type="type_info.Type" uuid="9763fc57-da34-4911-967a-c2fdf589a200">
        <Name>integer</Name>
      </Types>
      <Types type="type_info.Type" uuid="62a9039a-27af-4c85-afd5-d90aa4321d19">
        <Name>physical_connection</Name>
      </Types>
      <Types type="type_info.Type" uuid="9fb4a74f-d783-4b4b-bcb4-d34694a0a0b5">
        <Name>pointer</Name>
      </Types>
      <Types type="type_info.Type" uuid="31141a4f-6476-410e-afc0-ad989b6d8778">
        <DataTypeId>19</DataTypeId>
        <Size>4</Size>
        <Name>robotics_slcore_internal_block_CoordinateTransformationConversion1</Name>
      </Types>
      <Types type="type_info.Type" uuid="e506c235-1b42-4f90-acd8-2a2a0fad12b0">
        <DataTypeId>23</DataTypeId>
        <Size>512</Size>
        <Name>robotics_slcore_internal_block_PolyTrajSys5</Name>
      </Types>
      <Types type="type_info.Type" uuid="eb403b30-b860-4eff-a095-c97a11ecd105">
        <DataTypeId>20</DataTypeId>
        <Size>4024</Size>
        <Name>robotics_slmanip_internal_block_GetJacobianBlock2</Name>
      </Types>
      <Types type="type_info.Type" uuid="689eded0-f367-4930-b889-3b058cfc1e31">
        <DataTypeId>21</DataTypeId>
        <Size>3760</Size>
        <Name>robotics_slmanip_internal_block_GetTransformBlock3</Name>
      </Types>
      <Types type="type_info.Type" uuid="132dfe59-e5df-43ca-aca0-68b7f0f2f456">
        <DataTypeId>22</DataTypeId>
        <Size>20704</Size>
        <Name>robotics_slmanip_internal_block_IKBlock4</Name>
      </Types>
      <Types type="type_info.NumericType" uuid="1e243ce2-afe2-4223-affd-57fb37d17c0d">
        <MxClassId>7</MxClassId>
        <Size>4</Size>
        <typeEnum>NUMERIC</typeEnum>
        <Name>single</Name>
      </Types>
      <Types type="type_info.NonVirtualBusType" uuid="46e3794c-29e3-4fab-a590-1af66c0d87c7">
        <Elements type="type_info.StructElement" uuid="f6cac08e-0743-4ccb-8904-1ac8af6bd35a">
          <Dimensions>1</Dimensions>
          <Dimensions>1</Dimensions>
          <Type type="type_info.NumericType" uuid="2bff25f2-a1bb-467f-9aca-a655778576af"/>
          <Name>EnforceJointLimits</Name>
        </Elements>
        <Elements type="type_info.StructElement" uuid="712ef50a-cdbb-4242-b22f-468203ba7590">
          <Dimensions>1</Dimensions>
          <Dimensions>1</Dimensions>
          <Type type="type_info.NumericType" uuid="2bff25f2-a1bb-467f-9aca-a655778576af"/>
          <Name>AllowRandomRestart</Name>
        </Elements>
        <Elements type="type_info.StructElement" uuid="2d690f78-5ce7-4f38-b681-b4ff5fd9a3d3">
          <Dimensions>1</Dimensions>
          <Dimensions>1</Dimensions>
          <Type type="type_info.NumericType" uuid="6c7cc9b2-6d17-48e2-8bbe-0f4698a5a631"/>
          <Name>MaxIterations</Name>
        </Elements>
        <Elements type="type_info.StructElement" uuid="acc1837b-c48d-480d-8b48-8257513ca356">
          <Dimensions>1</Dimensions>
          <Dimensions>1</Dimensions>
          <Type type="type_info.NumericType" uuid="6c7cc9b2-6d17-48e2-8bbe-0f4698a5a631"/>
          <Name>MaxTime</Name>
        </Elements>
        <Elements type="type_info.StructElement" uuid="40347364-5935-4559-9ac2-9e1d6bd9b220">
          <Dimensions>1</Dimensions>
          <Dimensions>1</Dimensions>
          <Type type="type_info.NumericType" uuid="6c7cc9b2-6d17-48e2-8bbe-0f4698a5a631"/>
          <Name>GradientTolerance</Name>
        </Elements>
        <Elements type="type_info.StructElement" uuid="8bdcf748-98d0-40f5-af2c-16e5e0d018f3">
          <Dimensions>1</Dimensions>
          <Dimensions>1</Dimensions>
          <Type type="type_info.NumericType" uuid="6c7cc9b2-6d17-48e2-8bbe-0f4698a5a631"/>
          <Name>SolutionTolerance</Name>
        </Elements>
        <Elements type="type_info.StructElement" uuid="30ce5cc6-3434-430d-9244-27d253ae7eef">
          <Dimensions>1</Dimensions>
          <Dimensions>1</Dimensions>
          <Type type="type_info.NumericType" uuid="6c7cc9b2-6d17-48e2-8bbe-0f4698a5a631"/>
          <Name>StepTolerance</Name>
        </Elements>
        <Elements type="type_info.StructElement" uuid="84b799b0-a1fe-48ba-90ab-3d376b375d66">
          <Dimensions>1</Dimensions>
          <Dimensions>1</Dimensions>
          <Type type="type_info.NumericType" uuid="6c7cc9b2-6d17-48e2-8bbe-0f4698a5a631"/>
          <Name>ErrorChangeTolerance</Name>
        </Elements>
        <Elements type="type_info.StructElement" uuid="099afc27-2f6d-4e17-867a-3c09500cbaf4">
          <Dimensions>1</Dimensions>
          <Dimensions>1</Dimensions>
          <Type type="type_info.NumericType" uuid="2bff25f2-a1bb-467f-9aca-a655778576af"/>
          <Name>UseErrorDamping</Name>
        </Elements>
        <Elements type="type_info.StructElement" uuid="86e56c1d-70d1-4ba2-825b-4eb59d129d9e">
          <Dimensions>1</Dimensions>
          <Dimensions>1</Dimensions>
          <Type type="type_info.NumericType" uuid="6c7cc9b2-6d17-48e2-8bbe-0f4698a5a631"/>
          <Name>DampingBias</Name>
        </Elements>
        <LeafOffsets>0</LeafOffsets>
        <LeafOffsets>1</LeafOffsets>
        <LeafOffsets>8</LeafOffsets>
        <LeafOffsets>16</LeafOffsets>
        <LeafOffsets>24</LeafOffsets>
        <LeafOffsets>32</LeafOffsets>
        <LeafOffsets>40</LeafOffsets>
        <LeafOffsets>48</LeafOffsets>
        <LeafOffsets>56</LeafOffsets>
        <LeafOffsets>64</LeafOffsets>
        <DataTypeId>17</DataTypeId>
        <MxClassId>2</MxClassId>
        <Size>72</Size>
        <typeEnum>STRUCT</typeEnum>
        <Name>struct_j29BDD3GtugYMsepf4x9iH</Name>
      </Types>
      <Types type="type_info.Type" uuid="a0b09bce-d5fd-4ca7-baa4-b18ecd4dba8b">
        <Name>timer_uint32_pair</Name>
      </Types>
      <Types type="type_info.NumericType" uuid="5fefc42e-3fb9-4c5a-bc77-bd8368880794">
        <MxClassId>11</MxClassId>
        <Size>2</Size>
        <typeEnum>NUMERIC</typeEnum>
        <Name>uint16</Name>
      </Types>
      <Types type="type_info.NumericType" uuid="9637c823-ce28-4e8f-9316-7906838e395d">
        <MxClassId>13</MxClassId>
        <Size>4</Size>
        <typeEnum>NUMERIC</typeEnum>
        <Name>uint32</Name>
      </Types>
      <Types type="type_info.FixedPointType" uuid="2fdf7a2b-9ded-4678-9dab-604b813791a1">
        <DataTypeId>16</DataTypeId>
        <Size>8</Size>
        <typeEnum>FIXPOINT</typeEnum>
        <Name>uint64</Name>
      </Types>
      <Types type="type_info.NumericType" uuid="9105a31f-bcbc-4a46-a1ce-4aae52e73329">
        <MxClassId>9</MxClassId>
        <Size>1</Size>
        <typeEnum>NUMERIC</typeEnum>
        <Name>uint8</Name>
      </Types>
      <isInitialized>true</isInitialized>
    </typeTable>
    <varTsUIDMap type="ModelRefInfoRepo.VarTsUIDMap" uuid="93a52195-ea4a-4de5-91b8-add865af1953"/>
  </ModelRefInfoRepo.ModelRefInfoRoot>
</MF0>